10 probability convergence,20 probability convergence,30 probability convergence
0.0,0.0,1.0
0.5,0.5,1.0
0.0,0.6666666666666666,1.0
0.0,0.75,1.0
0.0,0.6,0.8
0.16666666666666666,0.5,1.0
0.0,0.7142857142857143,1.0
0.25,0.5,0.875
0.0,0.5555555555555556,0.8888888888888888
0.2,0.3,0.9
0.0,0.45454545454545453,0.7272727272727273
0.0,0.75,0.75
0.15384615384615385,0.46153846153846156,0.7692307692307693
0.14285714285714285,0.7142857142857143,0.7857142857142857
0.13333333333333333,0.6,0.8
0.125,0.4375,0.875
0.17647058823529413,0.29411764705882354,0.8823529411764706
0.0,0.5555555555555556,0.9444444444444444
0.05263157894736842,0.47368421052631576,0.9473684210526315
0.25,0.75,0.8
0.23809523809523808,0.7142857142857143,0.8095238095238095
0.13636363636363635,0.6363636363636364,0.8181818181818182
0.0,0.6086956521739131,0.8695652173913043
0.08333333333333333,0.625,0.7083333333333334
0.08,0.48,0.88
0.11538461538461539,0.5,0.9615384615384616
0.14814814814814814,0.6666666666666666,0.9629629629629629
0.17857142857142858,0.6785714285714286,0.8571428571428571
0.10344827586206896,0.6551724137931034,0.7931034482758621
0.1,0.6333333333333333,1.0
0.12903225806451613,0.6774193548387096,0.8709677419354839
0.15625,0.625,0.9375
0.12121212121212122,0.5454545454545454,0.9393939393939394
0.14705882352941177,0.47058823529411764,0.8823529411764706
0.14285714285714285,0.6571428571428571,0.9428571428571428
0.19444444444444445,0.5833333333333334,0.8888888888888888
0.08108108108108109,0.5405405405405406,0.918918918918919
0.05263157894736842,0.6842105263157895,0.9736842105263158
0.1282051282051282,0.5641025641025641,0.9230769230769231
0.1,0.575,0.9
0.12195121951219512,0.6097560975609756,0.7804878048780488
0.09523809523809523,0.7142857142857143,0.8095238095238095
0.16279069767441862,0.6046511627906976,0.8604651162790697
0.045454545454545456,0.6136363636363636,0.8863636363636364
0.2,0.6444444444444445,0.8666666666666667
0.08695652173913043,0.6304347826086957,0.8913043478260869
0.10638297872340426,0.6595744680851063,0.851063829787234
0.125,0.6041666666666666,0.8958333333333334
0.14285714285714285,0.6938775510204082,0.9387755102040817
0.08,0.62,0.9
0.11764705882352941,0.6862745098039216,0.9215686274509803
0.038461538461538464,0.6153846153846154,0.9038461538461539
0.05660377358490566,0.6981132075471698,0.9433962264150944
0.07407407407407407,0.7037037037037037,0.9259259259259259
0.10909090909090909,0.5454545454545454,0.9454545454545454
0.08928571428571429,0.625,0.8214285714285714
0.14035087719298245,0.5614035087719298,0.8596491228070176
0.1206896551724138,0.603448275862069,0.8793103448275862
0.06779661016949153,0.6440677966101694,0.864406779661017
0.1,0.6333333333333333,0.8666666666666667
0.13114754098360656,0.5901639344262295,0.9344262295081968
0.0967741935483871,0.6451612903225806,0.8709677419354839
0.15873015873015872,0.5714285714285714,0.8412698412698413
0.140625,0.625,0.8125
0.12307692307692308,0.5384615384615384,0.9384615384615385
0.045454545454545456,0.7121212121212122,0.8939393939393939
0.07462686567164178,0.6716417910447762,0.8656716417910447
0.08823529411764706,0.6911764705882353,0.8970588235294118
0.07246376811594203,0.6811594202898551,0.9565217391304348
0.12857142857142856,0.5571428571428572,0.9285714285714286
0.09859154929577464,0.5915492957746479,0.8591549295774648
0.1388888888888889,0.5694444444444444,0.9583333333333334
0.0684931506849315,0.6027397260273972,0.9452054794520548
0.08108108108108109,0.5675675675675675,0.918918918918919
0.04,0.6266666666666667,0.8533333333333334
0.10526315789473684,0.631578947368421,0.8289473684210527
0.14285714285714285,0.6363636363636364,0.7662337662337663
0.10256410256410256,0.6794871794871795,0.9230769230769231
0.13924050632911392,0.7088607594936709,0.8607594936708861
0.0875,0.6375,0.925
0.1111111111111111,0.6049382716049383,0.9382716049382716
0.06097560975609756,0.6219512195121951,0.9146341463414634
0.10843373493975904,0.6626506024096386,0.891566265060241
0.15476190476190477,0.6666666666666666,0.8690476190476191
0.12941176470588237,0.6470588235294118,0.9058823529411765
0.12790697674418605,0.7093023255813954,0.9069767441860465
0.13793103448275862,0.5977011494252874,0.8735632183908046
0.10227272727272728,0.6022727272727273,0.8863636363636364
0.0898876404494382,0.6853932584269663,0.8314606741573034
0.15555555555555556,0.6444444444444445,0.8111111111111111
0.16483516483516483,0.5714285714285714,0.8901098901098901
0.06521739130434782,0.6086956521739131,0.8152173913043478
0.06451612903225806,0.6559139784946236,0.8279569892473119
0.11702127659574468,0.6382978723404256,0.8297872340425532
0.08421052631578947,0.6,0.9052631578947369
0.09375,0.6979166666666666,0.8854166666666666
0.1134020618556701,0.6288659793814433,0.8762886597938144
0.11224489795918367,0.6530612244897959,0.8979591836734694
0.09090909090909091,0.7373737373737373,0.9090909090909091
0.13,0.68,0.8
0.13861386138613863,0.594059405940594,0.8910891089108911
0.0784313725490196,0.6274509803921569,0.9313725490196079
0.14563106796116504,0.6407766990291263,0.8932038834951457
0.125,0.6153846153846154,0.8942307692307693
0.10476190476190476,0.6095238095238096,0.8476190476190476
0.1509433962264151,0.6415094339622641,0.8679245283018868
0.1308411214953271,0.5794392523364486,0.9158878504672897
0.12037037037037036,0.6944444444444444,0.9259259259259259
0.07339449541284404,0.7155963302752294,0.8623853211009175
0.07272727272727272,0.6545454545454545,0.9545454545454546
0.12612612612612611,0.6216216216216216,0.9099099099099099
0.15178571428571427,0.6964285714285714,0.9285714285714286
0.08849557522123894,0.5929203539823009,0.8761061946902655
0.12280701754385964,0.6666666666666666,0.8771929824561403
0.14782608695652175,0.6347826086956522,0.8695652173913043
0.07758620689655173,0.6379310344827587,0.9137931034482759
0.09401709401709402,0.6837606837606838,0.9145299145299145
0.09322033898305085,0.6440677966101694,0.8898305084745762
0.15126050420168066,0.6722689075630253,0.8739495798319328
0.125,0.675,0.8166666666666667
0.1487603305785124,0.6942148760330579,0.8512396694214877
0.10655737704918032,0.5245901639344263,0.8524590163934426
0.12195121951219512,0.6422764227642277,0.8861788617886179
0.1935483870967742,0.5806451612903226,0.8548387096774194
0.088,0.608,0.888
0.07142857142857142,0.6190476190476191,0.9126984126984127
0.10236220472440945,0.6220472440944882,0.889763779527559
0.1171875,0.6015625,0.859375
0.06976744186046512,0.6124031007751938,0.9612403100775194
0.15384615384615385,0.6923076923076923,0.9076923076923077
0.11450381679389313,0.6259541984732825,0.8702290076335878
0.1590909090909091,0.6363636363636364,0.9166666666666666
0.09774436090225563,0.6917293233082706,0.9097744360902256
0.12686567164179105,0.6417910447761194,0.8432835820895522
0.1037037037037037,0.6592592592592592,0.8444444444444444
0.07352941176470588,0.625,0.8529411764705882
0.10948905109489052,0.5547445255474452,0.8394160583941606
0.07246376811594203,0.5797101449275363,0.8985507246376812
0.09352517985611511,0.6690647482014388,0.8920863309352518
0.11428571428571428,0.6357142857142857,0.8785714285714286
0.1702127659574468,0.5957446808510638,0.9290780141843972
0.1267605633802817,0.5985915492957746,0.8661971830985915
0.06993006993006994,0.6153846153846154,0.9020979020979021
0.1388888888888889,0.6388888888888888,0.8680555555555556
0.09655172413793103,0.6206896551724138,0.9103448275862069
0.10273972602739725,0.6438356164383562,0.9315068493150684
0.10204081632653061,0.5782312925170068,0.8843537414965986
0.0945945945945946,0.6216216216216216,0.831081081081081
0.12080536912751678,0.6644295302013423,0.9463087248322147
0.18,0.5666666666666667,0.8666666666666667
0.1456953642384106,0.5761589403973509,0.9072847682119205
0.10526315789473684,0.6513157894736842,0.9144736842105263
0.09803921568627451,0.5490196078431373,0.8496732026143791
0.09740259740259741,0.6493506493506493,0.8441558441558441
0.14838709677419354,0.6774193548387096,0.9483870967741935
0.10897435897435898,0.6730769230769231,0.9102564102564102
0.07643312101910828,0.5987261146496815,0.8726114649681529
0.0949367088607595,0.6645569620253164,0.8670886075949367
0.11949685534591195,0.6226415094339622,0.9119496855345912
0.11875,0.55625,0.86875
0.09316770186335403,0.6211180124223602,0.8695652173913043
0.1419753086419753,0.6790123456790124,0.9197530864197531
0.12883435582822086,0.6134969325153374,0.8588957055214724
0.12804878048780488,0.6036585365853658,0.8658536585365854
0.12121212121212122,0.6545454545454545,0.9030303030303031
0.0783132530120482,0.6566265060240963,0.8674698795180723
0.08383233532934131,0.6287425149700598,0.8622754491017964
0.08333333333333333,0.6130952380952381,0.9285714285714286
0.10650887573964497,0.6863905325443787,0.8698224852071006
0.12352941176470589,0.6235294117647059,0.8705882352941177
0.04093567251461988,0.5555555555555556,0.8947368421052632
0.12209302325581395,0.6395348837209303,0.877906976744186
0.09248554913294797,0.6069364161849711,0.8670520231213873
0.09770114942528736,0.6839080459770115,0.8735632183908046
0.10857142857142857,0.6228571428571429,0.9085714285714286
0.10795454545454546,0.6875,0.8693181818181818
0.1016949152542373,0.632768361581921,0.8870056497175142
0.1404494382022472,0.6460674157303371,0.9157303370786517
0.11731843575418995,0.5754189944134078,0.8715083798882681
0.1111111111111111,0.6777777777777778,0.9111111111111111
0.12154696132596685,0.5911602209944752,0.8729281767955801
0.14835164835164835,0.6098901098901099,0.8461538461538461
0.08743169398907104,0.6338797814207651,0.907103825136612
0.09239130434782608,0.6032608695652174,0.8695652173913043
0.15135135135135136,0.6216216216216216,0.8918918918918919
0.10215053763440861,0.6935483870967742,0.8709677419354839
0.09090909090909091,0.6203208556149733,0.8556149732620321
0.1276595744680851,0.5691489361702128,0.8776595744680851
0.12698412698412698,0.5714285714285714,0.8677248677248677
0.14210526315789473,0.5526315789473685,0.8526315789473684
0.09947643979057591,0.5916230366492147,0.9109947643979057
0.109375,0.5625,0.8802083333333334
0.13471502590673576,0.6217616580310881,0.8911917098445595
0.13402061855670103,0.6134020618556701,0.8711340206185567
0.06153846153846154,0.6410256410256411,0.9076923076923077
0.1326530612244898,0.6479591836734694,0.9132653061224489
0.10152284263959391,0.6395939086294417,0.9035532994923858
0.12626262626262627,0.6111111111111112,0.8636363636363636
0.10050251256281408,0.6432160804020101,0.9045226130653267
0.12,0.695,0.905
0.0845771144278607,0.5970149253731343,0.9104477611940298
0.0891089108910891,0.6138613861386139,0.8811881188118812
0.1625615763546798,0.6551724137931034,0.8768472906403941
0.09803921568627451,0.6078431372549019,0.8578431372549019
0.08780487804878048,0.6048780487804878,0.8829268292682927
0.10194174757281553,0.6262135922330098,0.9029126213592233
0.10144927536231885,0.6280193236714976,0.9033816425120773
0.15384615384615385,0.6730769230769231,0.8605769230769231
0.11483253588516747,0.6028708133971292,0.9043062200956937
0.06190476190476191,0.6333333333333333,0.861904761904762
0.11848341232227488,0.5545023696682464,0.8909952606635071
0.08962264150943396,0.6509433962264151,0.9056603773584906
0.08450704225352113,0.6572769953051644,0.9154929577464789
0.11214953271028037,0.6495327102803738,0.9112149532710281
0.09302325581395349,0.6930232558139535,0.9302325581395349
0.13425925925925927,0.5925925925925926,0.8657407407407407
0.11981566820276497,0.6267281105990783,0.8663594470046083
0.13302752293577982,0.6100917431192661,0.8944954128440367
0.1004566210045662,0.6301369863013698,0.8949771689497716
0.10909090909090909,0.6,0.8909090909090909
0.1085972850678733,0.6018099547511312,0.8778280542986425
0.0945945945945946,0.5765765765765766,0.8738738738738738
0.11210762331838565,0.5650224215246636,0.9103139013452914
0.12053571428571429,0.65625,0.8660714285714286
0.09777777777777778,0.6666666666666666,0.8888888888888888
0.11504424778761062,0.6327433628318584,0.9026548672566371
0.09251101321585903,0.6299559471365639,0.8810572687224669
0.16228070175438597,0.6535087719298246,0.8859649122807017
0.13537117903930132,0.6244541484716157,0.8908296943231441
0.1,0.6304347826086957,0.8565217391304348
0.08658008658008658,0.6753246753246753,0.8658008658008658
0.06896551724137931,0.603448275862069,0.8706896551724138
0.08583690987124463,0.6137339055793991,0.8626609442060086
0.11538461538461539,0.6068376068376068,0.8632478632478633
0.12340425531914893,0.6297872340425532,0.8468085106382979
0.0847457627118644,0.6991525423728814,0.8940677966101694
0.11814345991561181,0.6751054852320675,0.9156118143459916
0.1092436974789916,0.6386554621848739,0.8865546218487395
0.12133891213389121,0.602510460251046,0.895397489539749
0.10833333333333334,0.5666666666666667,0.8708333333333333
0.12448132780082988,0.5892116182572614,0.8796680497925311
0.11983471074380166,0.6239669421487604,0.9049586776859504
0.102880658436214,0.6460905349794238,0.8641975308641975
0.1598360655737705,0.6639344262295082,0.9016393442622951
0.09795918367346938,0.6081632653061224,0.9061224489795918
0.07723577235772358,0.532520325203252,0.9065040650406504
0.11336032388663968,0.631578947368421,0.8947368421052632
0.125,0.6330645161290323,0.8830645161290323
0.10843373493975904,0.6305220883534136,0.891566265060241
0.084,0.6,0.904
0.09561752988047809,0.6095617529880478,0.8884462151394422
0.09523809523809523,0.6785714285714286,0.8888888888888888
0.11857707509881422,0.6521739130434783,0.9209486166007905
0.11811023622047244,0.6377952755905512,0.8740157480314961
0.11764705882352941,0.6823529411764706,0.9058823529411765
0.11328125,0.68359375,0.8984375
0.1245136186770428,0.642023346303502,0.8560311284046692
0.11627906976744186,0.6434108527131783,0.8953488372093024
0.06177606177606178,0.6486486486486487,0.8996138996138996
0.10384615384615385,0.6230769230769231,0.8846153846153846
0.11877394636015326,0.6819923371647509,0.8467432950191571
0.12213740458015267,0.6374045801526718,0.9083969465648855
0.11406844106463879,0.6197718631178707,0.8745247148288974
0.14015151515151514,0.6363636363636364,0.8939393939393939
0.1169811320754717,0.630188679245283,0.8905660377358491
0.07142857142857142,0.6654135338345865,0.8533834586466166
0.09737827715355805,0.6292134831460674,0.8614232209737828
0.12313432835820895,0.6604477611940298,0.9067164179104478
0.13382899628252787,0.6877323420074349,0.8921933085501859
0.1,0.6518518518518519,0.8703703703703703
0.11808118081180811,0.6309963099630996,0.9003690036900369
0.09191176470588236,0.6654411764705882,0.8823529411764706
0.10622710622710622,0.6153846153846154,0.8754578754578755
0.10583941605839416,0.6277372262773723,0.9233576642335767
0.09090909090909091,0.6436363636363637,0.8909090909090909
0.13405797101449277,0.6376811594202898,0.9021739130434783
0.10469314079422383,0.592057761732852,0.9386281588447654
0.08992805755395683,0.6366906474820144,0.8489208633093526
0.11469534050179211,0.5878136200716846,0.9032258064516129
0.08928571428571429,0.6607142857142857,0.8642857142857143
0.09608540925266904,0.6263345195729537,0.8790035587188612
0.1276595744680851,0.6312056737588653,0.8900709219858156
0.08480565371024736,0.6466431095406361,0.8692579505300353
0.10915492957746478,0.6197183098591549,0.8380281690140845
0.10526315789473684,0.6385964912280702,0.9192982456140351
0.1258741258741259,0.6923076923076923,0.8811188811188811
0.0975609756097561,0.6167247386759582,0.867595818815331
0.14583333333333334,0.6736111111111112,0.8506944444444444
0.13494809688581316,0.6262975778546713,0.8858131487889274
0.1103448275862069,0.6482758620689655,0.8482758620689655
0.12371134020618557,0.6323024054982818,0.8900343642611683
0.11986301369863013,0.6301369863013698,0.9041095890410958
0.11262798634812286,0.6382252559726962,0.8668941979522184
0.09183673469387756,0.6258503401360545,0.9081632653061225
0.09491525423728814,0.6135593220338983,0.8983050847457628
0.10472972972972973,0.652027027027027,0.8952702702702703
0.13468013468013468,0.6902356902356902,0.8821548821548821
0.1040268456375839,0.6375838926174496,0.8456375838926175
0.09698996655518395,0.6120401337792643,0.8729096989966555
0.08333333333333333,0.5933333333333334,0.9266666666666666
0.1461794019933555,0.6179401993355482,0.9102990033222591
0.10264900662251655,0.5993377483443708,0.8576158940397351
0.07590759075907591,0.6105610561056105,0.8943894389438944
0.12828947368421054,0.6217105263157895,0.9177631578947368
0.10491803278688525,0.6360655737704918,0.9016393442622951
0.08496732026143791,0.6633986928104575,0.869281045751634
0.09120521172638436,0.6384364820846905,0.8892508143322475
0.11363636363636363,0.6006493506493507,0.8668831168831169
0.13268608414239483,0.6084142394822006,0.889967637540453
0.12258064516129032,0.6451612903225806,0.864516129032258
0.10932475884244373,0.5980707395498392,0.8810289389067524
0.09615384615384616,0.5801282051282052,0.8910256410256411
0.12140575079872204,0.6198083067092651,0.8977635782747604
0.11146496815286625,0.6273885350318471,0.8694267515923567
0.09841269841269841,0.5650793650793651,0.8984126984126984
0.10759493670886076,0.6708860759493671,0.8481012658227848
0.10410094637223975,0.6719242902208202,0.8706624605678234
0.10377358490566038,0.6761006289308176,0.8867924528301887
0.11912225705329153,0.5799373040752351,0.9122257053291536
0.109375,0.684375,0.890625
0.11526479750778816,0.6355140186915887,0.9034267912772586
0.12422360248447205,0.6459627329192547,0.9254658385093167
0.15479876160990713,0.6222910216718266,0.8978328173374613
0.12345679012345678,0.6080246913580247,0.8827160493827161
0.13230769230769232,0.6430769230769231,0.8892307692307693
0.12883435582822086,0.656441717791411,0.8865030674846626
0.10703363914373089,0.6299694189602446,0.8776758409785933
0.09451219512195122,0.6036585365853658,0.850609756097561
0.11550151975683891,0.6170212765957447,0.8844984802431611
0.09393939393939393,0.6606060606060606,0.8636363636363636
0.1148036253776435,0.6676737160120846,0.9063444108761329
0.10542168674698796,0.6566265060240963,0.8734939759036144
0.09009009009009009,0.6606606606606606,0.8618618618618619
0.11377245508982035,0.5808383233532934,0.8712574850299402
0.1253731343283582,0.5970149253731343,0.8805970149253731
0.08630952380952381,0.6517857142857143,0.8869047619047619
0.11572700296735905,0.655786350148368,0.8931750741839762
0.09763313609467456,0.6272189349112426,0.8816568047337278
0.10619469026548672,0.6076696165191741,0.8584070796460177
0.08823529411764706,0.65,0.8941176470588236
0.13196480938416422,0.5835777126099707,0.8914956011730205
0.12280701754385964,0.6286549707602339,0.9005847953216374
0.09912536443148688,0.7055393586005831,0.9096209912536443
0.11627906976744186,0.6337209302325582,0.8924418604651163
0.10434782608695652,0.6028985507246377,0.8782608695652174
0.11849710982658959,0.6242774566473989,0.8988439306358381
0.1440922190201729,0.5965417867435159,0.9020172910662824
0.10919540229885058,0.5775862068965517,0.882183908045977
0.11174785100286533,0.6848137535816619,0.8911174785100286
0.11428571428571428,0.62,0.9
0.09116809116809117,0.6581196581196581,0.8974358974358975
0.14772727272727273,0.5482954545454546,0.8892045454545454
0.10764872521246459,0.6543909348441926,0.8781869688385269
0.12429378531073447,0.6412429378531074,0.8898305084745762
0.10140845070422536,0.6788732394366197,0.923943661971831
0.1151685393258427,0.6235955056179775,0.8904494382022472
0.14285714285714285,0.5882352941176471,0.8907563025210085
0.10893854748603352,0.6005586592178771,0.8994413407821229
0.10306406685236769,0.5877437325905293,0.8607242339832869
0.10277777777777777,0.6444444444444445,0.8777777777777778
0.09695290858725762,0.6371191135734072,0.9002770083102493
0.1270718232044199,0.5939226519337016,0.8950276243093923
0.11019283746556474,0.6005509641873278,0.9008264462809917
0.12362637362637363,0.6648351648351648,0.8818681318681318
0.06575342465753424,0.6191780821917808,0.8849315068493151
0.09289617486338798,0.6065573770491803,0.8961748633879781
0.10626702997275204,0.6784741144414169,0.8991825613079019
0.10597826086956522,0.6331521739130435,0.8994565217391305
0.1111111111111111,0.6422764227642277,0.8753387533875339
0.10540540540540541,0.6297297297297297,0.8756756756756757
0.0889487870619946,0.6199460916442049,0.894878706199461
0.10215053763440861,0.6451612903225806,0.8951612903225806
0.10187667560321716,0.6246648793565683,0.8605898123324397
0.0962566844919786,0.6336898395721925,0.9010695187165776
0.11733333333333333,0.584,0.8746666666666667
0.09840425531914894,0.6196808510638298,0.898936170212766
0.11140583554376658,0.623342175066313,0.8647214854111406
0.1111111111111111,0.6084656084656085,0.8941798941798942
0.10290237467018469,0.5910290237467019,0.9155672823218998
0.08947368421052632,0.6552631578947369,0.8763157894736842
0.08661417322834646,0.6299212598425197,0.8923884514435696
0.12303664921465969,0.6413612565445026,0.8900523560209425
0.10182767624020887,0.6214099216710183,0.9086161879895561
0.11458333333333333,0.6510416666666666,0.8697916666666666
0.1038961038961039,0.6337662337662338,0.8571428571428571
0.14248704663212436,0.6036269430051814,0.8937823834196891
0.11627906976744186,0.5710594315245479,0.8837209302325582
0.10824742268041238,0.6082474226804123,0.8788659793814433
0.10025706940874037,0.6169665809768637,0.8766066838046273
0.14102564102564102,0.6102564102564103,0.8666666666666667
0.10997442455242967,0.5831202046035806,0.8849104859335039
0.12244897959183673,0.6147959183673469,0.8775510204081632
0.12468193384223919,0.6412213740458015,0.8931297709923665
0.10913705583756345,0.6345177664974619,0.8578680203045685
0.10126582278481013,0.6151898734177215,0.9113924050632911
0.09090909090909091,0.6767676767676768,0.9090909090909091
0.12846347607052896,0.5617128463476071,0.8916876574307305
0.10804020100502512,0.6005025125628141,0.8969849246231156
0.11278195488721804,0.6390977443609023,0.8847117794486216
0.1025,0.66,0.9075
0.10473815461346633,0.6334164588528678,0.8753117206982544
0.11691542288557213,0.6492537313432836,0.8855721393034826
0.13399503722084366,0.6377171215880894,0.8660049627791563
0.1188118811881188,0.6485148514851485,0.8960396039603961
0.1382716049382716,0.6469135802469136,0.8814814814814815
0.11330049261083744,0.6206896551724138,0.8866995073891626
0.10810810810810811,0.6461916461916462,0.9017199017199017
0.11519607843137254,0.6200980392156863,0.8700980392156863
0.10024449877750612,0.6405867970660146,0.8875305623471883
0.0975609756097561,0.6487804878048781,0.8780487804878049
0.12408759124087591,0.656934306569343,0.8856447688564477
0.13106796116504854,0.6359223300970874,0.8907766990291263
0.0847457627118644,0.6561743341404358,0.8910411622276029
0.1111111111111111,0.6111111111111112,0.893719806763285
0.11566265060240964,0.6337349397590362,0.8674698795180723
0.0889423076923077,0.5985576923076923,0.8990384615384616
0.13908872901678657,0.6378896882494005,0.9136690647482014
0.09090909090909091,0.6148325358851675,0.9043062200956937
0.11217183770883055,0.6443914081145584,0.9021479713603818
0.10238095238095238,0.6285714285714286,0.8857142857142857
0.12826603325415678,0.6128266033254157,0.8717339667458432
0.0995260663507109,0.6113744075829384,0.8815165876777251
0.11347517730496454,0.640661938534279,0.8652482269503546
0.11084905660377359,0.5990566037735849,0.8938679245283019
0.11529411764705882,0.6282352941176471,0.8729411764705882
0.10093896713615023,0.6197183098591549,0.8615023474178404
0.10772833723653395,0.6370023419203747,0.8946135831381733
0.11448598130841121,0.6121495327102804,0.8948598130841121
0.0979020979020979,0.6037296037296037,0.8857808857808858
0.08372093023255814,0.6441860465116279,0.8906976744186047
0.11600928074245939,0.6218097447795824,0.8607888631090487
0.08796296296296297,0.6550925925925926,0.8912037037037037
0.10623556581986143,0.6397228637413395,0.8752886836027713
0.0967741935483871,0.6105990783410138,0.8709677419354839
0.10344827586206896,0.5770114942528736,0.8827586206896552
0.10091743119266056,0.6513761467889908,0.9059633027522935
0.07551487414187644,0.6613272311212814,0.8878718535469108
0.08447488584474885,0.6506849315068494,0.9200913242009132
0.10022779043280182,0.662870159453303,0.8792710706150342
0.11363636363636363,0.6227272727272727,0.8704545454545455
0.11564625850340136,0.6303854875283447,0.8752834467120182
0.1244343891402715,0.6131221719457014,0.8710407239819005
0.10609480812641084,0.6320541760722348,0.9119638826185101
0.08558558558558559,0.6148648648648649,0.8806306306306306
0.11910112359550562,0.6202247191011236,0.8966292134831461
0.13228699551569506,0.6143497757847534,0.8632286995515696
0.10961968680089486,0.6241610738255033,0.9082774049217002
0.08482142857142858,0.6473214285714286,0.8816964285714286
0.10244988864142539,0.6080178173719376,0.8841870824053452
0.11333333333333333,0.5955555555555555,0.8644444444444445
0.12638580931263857,0.6363636363636364,0.9002217294900222
0.11061946902654868,0.6283185840707964,0.8805309734513275
0.1479028697571744,0.6644591611479028,0.8741721854304636
0.1013215859030837,0.6409691629955947,0.9008810572687225
0.11648351648351649,0.6637362637362637,0.9032967032967033
0.1118421052631579,0.6754385964912281,0.8969298245614035
0.10940919037199125,0.6061269146608315,0.8949671772428884
0.07860262008733625,0.6812227074235808,0.87117903930131
0.10457516339869281,0.5838779956427015,0.8736383442265795
0.08478260869565217,0.6065217391304348,0.8869565217391304
0.11062906724511931,0.613882863340564,0.8611713665943601
0.12337662337662338,0.6125541125541125,0.8766233766233766
0.13390928725701945,0.6090712742980562,0.8920086393088553
0.11206896551724138,0.6228448275862069,0.9030172413793104
0.11827956989247312,0.6258064516129033,0.9010752688172043
0.10944206008583691,0.6094420600858369,0.9098712446351931
0.11134903640256959,0.6402569593147751,0.8907922912205567
0.12606837606837606,0.6175213675213675,0.8974358974358975
0.12153518123667377,0.6204690831556503,0.8997867803837953
0.11063829787234042,0.6340425531914894,0.902127659574468
0.10615711252653928,0.6242038216560509,0.89171974522293
0.08898305084745763,0.6419491525423728,0.9046610169491526
0.09725158562367865,0.642706131078224,0.8900634249471459
0.11181434599156118,0.6413502109704642,0.8839662447257384
0.10736842105263159,0.6484210526315789,0.8842105263157894
0.09873949579831932,0.6239495798319328,0.8760504201680672
0.12159329140461216,0.6415094339622641,0.8721174004192872
0.11715481171548117,0.6380753138075314,0.8472803347280334
0.1127348643006263,0.6430062630480167,0.8789144050104384
0.12291666666666666,0.61875,0.9104166666666667
0.10187110187110188,0.6548856548856549,0.896049896049896
0.13278008298755187,0.6431535269709544,0.8651452282157677
0.11180124223602485,0.6128364389233955,0.9047619047619048
0.10743801652892562,0.6239669421487604,0.8739669421487604
0.08041237113402062,0.5896907216494846,0.8762886597938144
0.11728395061728394,0.6563786008230452,0.8847736625514403
0.11088295687885011,0.6714579055441479,0.8993839835728953
0.12295081967213115,0.6659836065573771,0.8831967213114754
0.11451942740286299,0.6380368098159509,0.8813905930470347
0.10612244897959183,0.6326530612244898,0.8857142857142857
0.0855397148676171,0.6415478615071283,0.9022403258655805
0.0975609756097561,0.6260162601626016,0.8861788617886179
0.11359026369168357,0.6044624746450304,0.8782961460446247
0.09716599190283401,0.6295546558704453,0.888663967611336
0.10909090909090909,0.6707070707070707,0.8888888888888888
0.1028225806451613,0.6088709677419355,0.8911290322580645
0.1267605633802817,0.6156941649899397,0.8913480885311871
0.10441767068273092,0.6164658634538153,0.893574297188755
0.12424849699398798,0.6212424849699398,0.8637274549098196
0.086,0.652,0.882
0.10578842315369262,0.6487025948103793,0.8962075848303394
0.10557768924302789,0.6434262948207171,0.8725099601593626
0.1073558648111332,0.6262425447316103,0.8628230616302187
0.1349206349206349,0.6329365079365079,0.9146825396825397
0.09900990099009901,0.6396039603960396,0.8693069306930693
0.10474308300395258,0.6403162055335968,0.8992094861660079
0.07889546351084813,0.6390532544378699,0.8875739644970414
0.11220472440944881,0.6318897637795275,0.8700787401574803
0.11198428290766209,0.656188605108055,0.9017681728880157
0.11372549019607843,0.6137254901960785,0.8901960784313725
0.1095890410958904,0.6536203522504892,0.8923679060665362
0.103515625,0.615234375,0.8828125
0.11695906432748537,0.621832358674464,0.898635477582846
0.1264591439688716,0.632295719844358,0.8852140077821011
0.1203883495145631,0.6213592233009708,0.9087378640776699
0.08527131782945736,0.627906976744186,0.875968992248062
0.11218568665377177,0.620889748549323,0.8762088974854932
0.09845559845559845,0.6158301158301158,0.8783783783783784
0.09826589595375723,0.626204238921002,0.8882466281310212
0.12884615384615383,0.6038461538461538,0.8903846153846153
0.1362763915547025,0.6103646833013435,0.8771593090211133
0.1206896551724138,0.6302681992337165,0.8563218390804598
0.10707456978967496,0.6347992351816444,0.8967495219885278
0.09541984732824428,0.6450381679389313,0.9083969465648855
0.1180952380952381,0.6114285714285714,0.8609523809523809
0.11596958174904944,0.6406844106463878,0.8821292775665399
0.16318785578747627,0.6394686907020873,0.8956356736242884
0.11742424242424243,0.6231060606060606,0.8939393939393939
0.10775047258979206,0.6351606805293005,0.8922495274102079
0.12641509433962264,0.6754716981132075,0.8830188679245283
0.0903954802259887,0.6120527306967984,0.8531073446327684
0.11090225563909774,0.6127819548872181,0.8872180451127819
0.11069418386491557,0.6622889305816135,0.8780487804878049
0.12359550561797752,0.6310861423220974,0.8951310861423221
0.11588785046728972,0.6392523364485981,0.897196261682243
0.11567164179104478,0.6380597014925373,0.8917910447761194
0.09124767225325885,0.638733705772812,0.888268156424581
0.11338289962825279,0.5855018587360595,0.8884758364312267
0.1038961038961039,0.5918367346938775,0.8849721706864564
0.10740740740740741,0.6074074074074074,0.8555555555555555
0.08133086876155268,0.5951940850277264,0.8872458410351202
0.12177121771217712,0.6309963099630996,0.8837638376383764
0.09392265193370165,0.5948434622467772,0.8784530386740331
0.0900735294117647,0.6176470588235294,0.8915441176470589
0.10091743119266056,0.6073394495412844,0.8899082568807339
0.11721611721611722,0.6007326007326007,0.8809523809523809
0.1206581352833638,0.6416819012797075,0.886654478976234
0.12226277372262774,0.593065693430657,0.8996350364963503
0.0965391621129326,0.6302367941712204,0.8724954462659381
0.14363636363636365,0.6381818181818182,0.9090909090909091
0.1088929219600726,0.6297640653357531,0.8784029038112523
0.1213768115942029,0.6068840579710145,0.8641304347826086
0.11211573236889692,0.6690777576853526,0.8860759493670886
0.13357400722021662,0.648014440433213,0.9043321299638989
0.1045045045045045,0.6270270270270271,0.8828828828828829
0.10611510791366907,0.6079136690647482,0.8830935251798561
0.08617594254937164,0.6696588868940754,0.8850987432675045
0.08781362007168458,0.6290322580645161,0.8781362007168458
0.11270125223613596,0.6565295169946332,0.8872987477638641
0.1125,0.6196428571428572,0.8803571428571428
0.11229946524064172,0.6488413547237076,0.8912655971479501
0.14056939501779359,0.6245551601423488,0.8825622775800712
0.10301953818827708,0.6536412078152753,0.91651865008881
0.10106382978723404,0.6418439716312057,0.9166666666666666
0.09380530973451327,0.6566371681415929,0.8849557522123894
0.08480565371024736,0.6236749116607774,0.8957597173144877
0.09523809523809523,0.6754850088183422,0.8765432098765432
0.11267605633802817,0.6214788732394366,0.8732394366197183
0.12478031634446397,0.6115992970123023,0.8822495606326889
0.11403508771929824,0.6192982456140351,0.8736842105263158
0.11208406304728546,0.6287215411558669,0.8984238178633975
0.10839160839160839,0.6206293706293706,0.8828671328671329
0.09773123909249563,0.6649214659685864,0.893542757417103
0.12020905923344948,0.6794425087108014,0.8937282229965157
0.10086956521739131,0.6556521739130434,0.8643478260869565
0.10069444444444445,0.6180555555555556,0.8888888888888888
0.11611785095320624,0.6169844020797227,0.8994800693240901
0.1245674740484429,0.6366782006920415,0.8961937716262975
0.09153713298791019,0.6528497409326425,0.8842832469775475
0.10344827586206896,0.6103448275862069,0.8948275862068965
0.13080895008605853,0.5989672977624785,0.8984509466437177
0.14432989690721648,0.6305841924398625,0.8831615120274914
0.10634648370497427,0.6312178387650086,0.8713550600343053
0.0958904109589041,0.6164383561643836,0.8835616438356164
0.12136752136752137,0.6034188034188034,0.8683760683760684
0.09897610921501707,0.6501706484641638,0.8617747440273038
0.11243611584327087,0.6303236797274276,0.9011925042589438
0.11394557823129252,0.6496598639455783,0.8809523809523809
0.1273344651952462,0.6230899830220713,0.8981324278438031
0.13220338983050847,0.6796610169491526,0.888135593220339
0.09137055837563451,0.6345177664974619,0.8934010152284264
0.13006756756756757,0.6300675675675675,0.8834459459459459
0.07588532883642496,0.654300168634064,0.897133220910624
0.1026936026936027,0.6212121212121212,0.8855218855218855
0.08571428571428572,0.6,0.8857142857142857
0.1040268456375839,0.6375838926174496,0.8758389261744967
0.09882747068676717,0.6465661641541038,0.8760469011725294
0.11705685618729098,0.6270903010033445,0.8729096989966555
0.10851419031719532,0.6477462437395659,0.8764607679465777
0.105,0.645,0.8733333333333333
0.09317803660565724,0.6256239600665557,0.8785357737104825
0.12624584717607973,0.6079734219269103,0.8837209302325582
0.12437810945273632,0.6235489220563848,0.8905472636815921
0.11589403973509933,0.640728476821192,0.8758278145695364
0.10909090909090909,0.6099173553719008,0.859504132231405
0.10561056105610561,0.6765676567656765,0.8844884488448845
0.10049423393739704,0.6177924217462932,0.8813838550247117
0.11348684210526316,0.6348684210526315,0.8881578947368421
0.11001642036124795,0.6338259441707718,0.8834154351395731
0.1,0.6098360655737705,0.9
0.10965630114566285,0.6432078559738135,0.8936170212765957
0.119281045751634,0.6143790849673203,0.8937908496732027
0.10440456769983687,0.6443719412724307,0.8923327895595432
0.0993485342019544,0.6074918566775245,0.8745928338762216
0.11382113821138211,0.6097560975609756,0.8861788617886179
0.10551948051948051,0.6331168831168831,0.9042207792207793
0.1085899513776337,0.653160453808752,0.8865478119935171
0.11488673139158576,0.6488673139158576,0.8689320388349514
0.10016155088852989,0.6365105008077544,0.8901453957996769
0.09838709677419355,0.65,0.864516129032258
0.12399355877616747,0.6183574879227053,0.8776167471819646
0.12379421221864952,0.6141479099678456,0.887459807073955
0.1187800963081862,0.6677367576243981,0.9020866773675762
0.1201923076923077,0.6266025641025641,0.8958333333333334
0.1088,0.632,0.8752
0.12779552715654952,0.6309904153354633,0.8865814696485623
0.10526315789473684,0.6395534290271132,0.8915470494417863
0.12261146496815287,0.6385350318471338,0.8757961783439491
0.11605723370429252,0.6422893481717011,0.875993640699523
0.1253968253968254,0.6571428571428571,0.8841269841269841
0.09984152139461172,0.5990491283676703,0.8938193343898574
0.11075949367088607,0.6360759493670886,0.8971518987341772
0.10900473933649289,0.6192733017377567,0.8894154818325435
0.10094637223974763,0.6246056782334385,0.8769716088328076
0.11653543307086614,0.6614173228346457,0.8913385826771654
0.09433962264150944,0.6053459119496856,0.8773584905660378
0.10518053375196232,0.6577708006279435,0.8885400313971743
0.1238244514106583,0.6238244514106583,0.8996865203761756
0.12832550860719874,0.6306729264475743,0.8982785602503912
0.0859375,0.6359375,0.8859375
0.11544461778471139,0.6614664586583463,0.8798751950078003
0.12149532710280374,0.6869158878504673,0.897196261682243
0.1088646967340591,0.6594090202177294,0.9004665629860031
0.10248447204968944,0.6350931677018633,0.9114906832298136
0.10542635658914729,0.6046511627906976,0.8914728682170543
0.10371517027863777,0.631578947368421,0.8839009287925697
0.11901081916537867,0.6043276661514683,0.8964451313755796
0.1111111111111111,0.6388888888888888,0.8827160493827161
0.08628659476117104,0.6363636363636364,0.884437596302003
0.1276923076923077,0.6246153846153846,0.8723076923076923
0.10752688172043011,0.6175115207373272,0.9109062980030722
0.12576687116564417,0.6211656441717791,0.8987730061349694
0.13169984686064318,0.5758039816232772,0.8744257274119449
0.11162079510703364,0.6574923547400612,0.8853211009174312
0.1099236641221374,0.6152671755725191,0.8885496183206106
0.10975609756097561,0.6509146341463414,0.8917682926829268
0.1308980213089802,0.6301369863013698,0.8614916286149162
0.11854103343465046,0.6458966565349544,0.8617021276595744
0.1274658573596358,0.6418816388467374,0.8634294385432474
0.12575757575757576,0.6227272727272727,0.8681818181818182
0.1059001512859304,0.6278366111951589,0.8895612708018155
0.1283987915407855,0.6178247734138973,0.8957703927492447
0.10708898944193061,0.6259426847662142,0.889894419306184
0.10993975903614457,0.6325301204819277,0.9006024096385542
0.11428571428571428,0.6030075187969924,0.8751879699248121
0.10810810810810811,0.6261261261261262,0.8723723723723724
0.11244377811094453,0.656671664167916,0.8770614692653673
0.11377245508982035,0.6227544910179641,0.9116766467065869
0.10911808669656203,0.6218236173393124,0.8938714499252616
0.09701492537313433,0.6373134328358209,0.8716417910447761
0.10134128166915052,0.6363636363636364,0.8733233979135618
0.12053571428571429,0.6190476190476191,0.8794642857142857
0.10698365527488855,0.6315007429420505,0.8930163447251115
0.10385756676557864,0.6706231454005934,0.8916913946587537
0.1362962962962963,0.6681481481481482,0.8651851851851852
0.11242603550295859,0.6390532544378699,0.8742603550295858
0.12112259970457903,0.6322008862629247,0.8759231905465288
0.09144542772861357,0.6607669616519174,0.8687315634218289
0.15022091310751104,0.6406480117820325,0.9042709867452136
0.11323529411764706,0.638235294117647,0.9029411764705882
0.12041116005873716,0.6093979441997063,0.8928046989720999
0.10703812316715543,0.6304985337243402,0.8782991202346041
0.11566617862371889,0.6456808199121523,0.8799414348462665
0.11988304093567251,0.6593567251461988,0.8757309941520468
0.10802919708029197,0.6072992700729927,0.8861313868613139
0.14285714285714285,0.6326530612244898,0.8848396501457726
0.12518195050946143,0.6404657933042213,0.8893740902474527
0.10174418604651163,0.6177325581395349,0.8793604651162791
0.10740203193033382,0.6444121915820029,0.8679245283018868
0.12318840579710146,0.6260869565217392,0.8739130434782608
0.11287988422575977,0.6309696092619392,0.894356005788712
0.13005780346820808,0.6676300578034682,0.8930635838150289
0.09812409812409813,0.6435786435786436,0.8888888888888888
0.10951008645533142,0.6484149855907781,0.8919308357348703
0.1079136690647482,0.6446043165467625,0.8949640287769784
0.10632183908045977,0.610632183908046,0.8850574712643678
0.10760401721664276,0.6083213773314203,0.8923959827833573
0.10315186246418338,0.6260744985673352,0.8954154727793696
0.13733905579399142,0.6208869814020028,0.8755364806866953
0.13285714285714287,0.6428571428571429,0.8914285714285715
0.11126961483594865,0.6134094151212554,0.8830242510699001
0.10968660968660969,0.6068376068376068,0.8703703703703703
0.11806543385490754,0.6244665718349929,0.8904694167852063
0.09659090909090909,0.6534090909090909,0.8849431818181818
0.11773049645390071,0.6326241134751773,0.8936170212765957
0.13739376770538245,0.6303116147308782,0.8909348441926346
0.11456859971711457,0.6237623762376238,0.85997171145686
0.11440677966101695,0.6313559322033898,0.885593220338983
0.09026798307475317,0.6036671368124118,0.8871650211565585
0.11690140845070422,0.6704225352112676,0.8802816901408451
0.13783403656821377,0.5935302390998594,0.9127988748241913
0.11938202247191011,0.6362359550561798,0.8862359550561798
0.09957924263674614,0.6115007012622721,0.8709677419354839
0.11484593837535013,0.6162464985994398,0.865546218487395
0.12447552447552447,0.5944055944055944,0.8741258741258742
0.1270949720670391,0.6438547486033519,0.8980446927374302
0.11297071129707113,0.6345885634588564,0.8716875871687587
0.116991643454039,0.6295264623955432,0.883008356545961
0.10987482614742698,0.6216968011126565,0.9026425591098748
0.1388888888888889,0.625,0.8902777777777777
0.0957004160887656,0.6310679611650486,0.869625520110957
0.09418282548476455,0.6454293628808865,0.8781163434903048
0.11065006915629322,0.6141078838174274,0.8838174273858921
0.11740331491712708,0.6325966850828729,0.8922651933701657
0.13241379310344828,0.6427586206896552,0.8717241379310345
0.09366391184573003,0.6157024793388429,0.871900826446281
0.10453920220082531,0.6464924346629987,0.8830811554332875
0.0989010989010989,0.6181318681318682,0.8887362637362637
0.11659807956104253,0.6227709190672154,0.8806584362139918
0.11917808219178082,0.6561643835616439,0.8890410958904109
0.11491108071135431,0.655266757865937,0.8864569083447332
0.1051912568306011,0.644808743169399,0.8784153005464481
0.08594815825375171,0.6493860845839018,0.888130968622101
0.11580381471389646,0.6239782016348774,0.8637602179836512
0.12380952380952381,0.654421768707483,0.891156462585034
0.10054347826086957,0.6372282608695652,0.8953804347826086
0.10990502035278155,0.6282225237449118,0.8887381275440976
0.1016260162601626,0.6585365853658537,0.8550135501355014
0.10419485791610285,0.6414073071718539,0.8944519621109608
0.12567567567567567,0.6243243243243243,0.8783783783783784
0.11336032388663968,0.6572199730094467,0.8960863697705803
0.12264150943396226,0.6415094339622641,0.8530997304582211
0.1117092866756393,0.6379542395693136,0.8990578734858681
0.10080645161290322,0.6424731182795699,0.8803763440860215
0.10738255033557047,0.6389261744966444,0.8805369127516779
0.0871313672922252,0.6595174262734584,0.8739946380697051
0.08032128514056225,0.6532797858099063,0.892904953145917
0.09358288770053476,0.6564171122994652,0.8836898395721925
0.11348464619492657,0.6555407209612817,0.8865153538050734
0.10666666666666667,0.62,0.8826666666666667
0.0985352862849534,0.6191744340878829,0.9094540612516645
0.10372340425531915,0.6077127659574468,0.9029255319148937
0.13147410358565736,0.6586985391766268,0.9017264276228419
0.1273209549071618,0.6312997347480106,0.8660477453580901
0.1152317880794702,0.6543046357615894,0.866225165562914
0.08994708994708994,0.6097883597883598,0.9007936507936508
0.1215323645970938,0.6499339498018494,0.8956406869220608
0.09894459102902374,0.600263852242744,0.8865435356200527
0.10540184453227931,0.6271409749670619,0.8906455862977603
0.125,0.6407894736842106,0.9092105263157895
0.11300919842312747,0.6202365308804205,0.8830486202365309
0.11548556430446194,0.6443569553805775,0.8792650918635171
0.12975098296199214,0.6369593709043251,0.8650065530799476
0.10863874345549739,0.6269633507853403,0.8691099476439791
0.12156862745098039,0.6235294117647059,0.873202614379085
0.12010443864229765,0.6135770234986945,0.8720626631853786
0.09126466753585398,0.5958279009126467,0.8865710560625815
0.10807291666666667,0.6106770833333334,0.86328125
0.1222366710013004,0.6644993498049415,0.8842652795838751
0.09610389610389611,0.6298701298701299,0.8857142857142857
0.10505836575875487,0.6394293125810635,0.8832684824902723
0.12564766839378239,0.6010362694300518,0.8847150259067358
0.1073738680465718,0.610608020698577,0.8978007761966365
0.13178294573643412,0.648578811369509,0.8888888888888888
0.1135483870967742,0.6245161290322581,0.8735483870967742
0.1134020618556701,0.625,0.8737113402061856
0.10810810810810811,0.6216216216216216,0.8841698841698842
0.11182519280205655,0.6259640102827764,0.8573264781491002
0.13093709884467267,0.6354300385109114,0.8741976893453145
0.1141025641025641,0.6307692307692307,0.8884615384615384
0.13060179257362356,0.6581306017925737,0.8860435339308579
0.12276214833759591,0.6150895140664961,0.90153452685422
0.10983397190293742,0.6807151979565773,0.8901660280970626
0.11862244897959184,0.5892857142857143,0.8915816326530612
0.1375796178343949,0.6343949044585987,0.8777070063694268
0.09287531806615776,0.6208651399491094,0.8829516539440203
0.11308767471410419,0.6213468869123253,0.8792884371029225
0.1319796954314721,0.6281725888324873,0.883248730964467
0.10392902408111533,0.623574144486692,0.8846641318124208
0.0949367088607595,0.6354430379746835,0.8822784810126583
0.1276864728192162,0.618204804045512,0.8988621997471555
0.11237373737373738,0.5946969696969697,0.8838383838383839
0.11727616645649433,0.605296343001261,0.8852459016393442
0.11586901763224182,0.6146095717884131,0.8879093198992444
0.11069182389937107,0.6226415094339622,0.8918238993710692
0.08919597989949749,0.6620603015075377,0.8844221105527639
0.12797992471769135,0.6286072772898369,0.8983688833124216
0.10526315789473684,0.6152882205513784,0.87468671679198
0.10513141426783479,0.6332916145181476,0.8873591989987485
0.1325,0.655,0.88
0.13108614232209737,0.6404494382022472,0.8888888888888888
0.1084788029925187,0.6197007481296758,0.8877805486284289
0.11581569115815692,0.6276463262764632,0.8754669987546699
0.10696517412935323,0.6181592039800995,0.8905472636815921
0.09316770186335403,0.6372670807453417,0.9055900621118013
0.10049627791563276,0.6513647642679901,0.869727047146402
0.12391573729863693,0.6629491945477075,0.8946716232961586
0.12004950495049505,0.6398514851485149,0.8910891089108911
0.09888751545117429,0.6279357231149567,0.8912237330037083
0.12962962962962962,0.6111111111111112,0.8864197530864197
0.12083847102342787,0.6498150431565968,0.8976572133168927
0.13916256157635468,0.6391625615763546,0.8694581280788177
0.09471094710947109,0.6408364083640836,0.8757687576875769
0.09828009828009827,0.6437346437346437,0.8734643734643734
0.10061349693251534,0.592638036809816,0.894478527607362
0.08946078431372549,0.6348039215686274,0.9080882352941176
0.0966952264381885,0.6254589963280294,0.8837209302325582
0.11858190709046455,0.6210268948655256,0.9046454767726161
0.10866910866910867,0.6556776556776557,0.8913308913308914
0.12195121951219512,0.625609756097561,0.8853658536585366
0.12058465286236297,0.6479902557856273,0.8915956151035322
0.10948905109489052,0.6593673965936739,0.8929440389294404
0.12515188335358446,0.6366950182260024,0.8979343863912516
0.10315533980582524,0.6456310679611651,0.8907766990291263
0.12848484848484848,0.6278787878787879,0.8933333333333333
0.10411622276029056,0.6464891041162227,0.8837772397094431
0.12575574365175332,0.6178960096735188,0.8911729141475212
0.13043478260869565,0.6678743961352657,0.8864734299516909
0.09529553679131483,0.6007237635705669,0.8829915560916767
0.10843373493975904,0.6289156626506024,0.8831325301204819
0.1095066185318893,0.6582430806257521,0.901323706377858
0.11778846153846154,0.6237980769230769,0.8641826923076923
0.10324129651860744,0.6662665066026411,0.8835534213685474
0.12709832134292565,0.6007194244604317,0.8992805755395683
0.10419161676646707,0.6215568862275449,0.8934131736526946
0.12679425837320574,0.6160287081339713,0.8732057416267942
0.1027479091995221,0.6356033452807647,0.8876941457586619
0.09785202863961814,0.6157517899761337,0.8818615751789977
0.10488676996424315,0.636471990464839,0.867699642431466
0.10833333333333334,0.6321428571428571,0.8916666666666667
0.10344827586206896,0.629013079667063,0.8739595719381689
0.11045130641330166,0.6294536817102138,0.8966745843230404
0.11269276393831554,0.6595492289442467,0.8908659549228944
0.11255924170616113,0.6563981042654028,0.8744075829383886
0.11479289940828402,0.6035502958579881,0.8958579881656805
0.09456264775413711,0.6099290780141844,0.8912529550827423
0.11097992916174734,0.602125147579693,0.8571428571428571
0.10495283018867925,0.6167452830188679,0.8808962264150944
0.11307420494699646,0.6089517078916372,0.8751472320376914
0.12823529411764706,0.6258823529411764,0.8894117647058823
0.11515863689776733,0.6415981198589894,0.8954171562867215
0.11267605633802817,0.6514084507042254,0.8779342723004695
0.10668229777256741,0.6412661195779601,0.8815943728018757
0.11241217798594848,0.639344262295082,0.8793911007025761
0.09239766081871345,0.639766081871345,0.8888888888888888
0.08995327102803738,0.6623831775700935,0.8855140186915887
0.12018669778296383,0.6079346557759626,0.8716452742123687
0.09207459207459208,0.6048951048951049,0.8648018648018648
0.11525029103608847,0.6437718277066357,0.869615832363213
0.10930232558139535,0.6430232558139535,0.8837209302325582
0.10685249709639953,0.6666666666666666,0.8908246225319396
0.11716937354988399,0.6647331786542924,0.8851508120649652
0.11703360370799537,0.6338354577056778,0.8736964078794901
0.11458333333333333,0.6099537037037037,0.8738425925925926
0.10751445086705202,0.6497109826589595,0.9028901734104047
0.10508083140877598,0.6177829099307159,0.9018475750577367
0.1245674740484429,0.6274509803921569,0.8615916955017301
0.09216589861751152,0.6359447004608295,0.8744239631336406
0.11392405063291139,0.619102416570771,0.8665132336018412
0.12528735632183907,0.6448275862068965,0.8724137931034482
0.1182548794489093,0.634902411021814,0.878300803673938
0.11238532110091744,0.6479357798165137,0.875
0.10423825887743414,0.6197021764032073,0.8820160366552119
0.10869565217391304,0.6224256292906178,0.8810068649885584
0.096,0.6422857142857142,0.8708571428571429
0.1050228310502283,0.6095890410958904,0.9052511415525114
0.11630558722919042,0.636259977194983,0.8882554161915621
0.12186788154897495,0.6389521640091116,0.8815489749430524
0.11035267349260523,0.646188850967008,0.8976109215017065
0.12386363636363637,0.6375,0.8772727272727273
0.10669693530079455,0.6549375709421112,0.8694665153234961
0.10657596371882086,0.6349206349206349,0.8968253968253969
0.1087202718006795,0.6330690826727067,0.8844847112117781
0.0916289592760181,0.6323529411764706,0.8823529411764706
0.1152542372881356,0.6305084745762712,0.8870056497175142
0.09367945823927765,0.662528216704289,0.8781038374717833
0.11386696730552424,0.6245772266065389,0.8737316798196166
0.11824324324324324,0.6475225225225225,0.8817567567567568
0.11811023622047244,0.6355455568053994,0.8875140607424072
0.08314606741573034,0.6258426966292134,0.8752808988764045
0.09876543209876543,0.6408529741863075,0.8877665544332211
0.10201793721973094,0.6311659192825112,0.8878923766816144
0.11534154535274356,0.6125419932810751,0.916013437849944
0.1017897091722595,0.639821029082774,0.8736017897091722
0.11173184357541899,0.605586592178771,0.8793296089385475
0.09263392857142858,0.6305803571428571,0.8883928571428571
0.11594202898550725,0.6231884057971014,0.8762541806020067
0.10801781737193764,0.6403118040089086,0.8975501113585747
0.10011123470522804,0.6184649610678532,0.8787541713014461
0.10888888888888888,0.6244444444444445,0.8688888888888889
0.11542730299667037,0.6293007769145395,0.8790233074361821
0.1286031042128603,0.6507760532150776,0.8702882483370288
0.10963455149501661,0.6478405315614618,0.875968992248062
0.1172566371681416,0.6039823008849557,0.8882743362831859
0.08729281767955802,0.6154696132596685,0.8850828729281768
0.11147902869757174,0.6324503311258278,0.8730684326710817
0.11576626240352811,0.6152149944873209,0.8974641675854466
0.1277533039647577,0.6244493392070485,0.8898678414096917
0.11221122112211221,0.6292629262926293,0.8954895489548955
0.13626373626373625,0.6318681318681318,0.8945054945054945
0.11086717892425905,0.6256860592755215,0.8990120746432492
0.11403508771929824,0.6337719298245614,0.8881578947368421
0.12705366922234393,0.6166484118291348,0.891566265060241
0.12472647702407003,0.6181619256017505,0.8949671772428884
0.12459016393442623,0.6131147540983607,0.8786885245901639
0.11899563318777293,0.6277292576419214,0.8941048034934498
0.12758996728462377,0.623773173391494,0.8942202835332607
0.1056644880174292,0.6503267973856209,0.900871459694989
0.12187159956474429,0.6354733405875952,0.8737758433079434
0.09565217391304348,0.6445652173913043,0.8717391304347826
0.1259500542888165,0.6243213897937026,0.9011943539630836
0.1279826464208243,0.6540130151843818,0.8817787418655098
0.1180931744312026,0.6316359696641387,0.8764897074756229
0.11904761904761904,0.6320346320346321,0.8690476190476191
0.11567567567567567,0.6291891891891892,0.8972972972972973
0.12419006479481641,0.6155507559395248,0.8866090712742981
0.11542610571736785,0.5965480043149946,0.8932038834951457
0.10021551724137931,0.6303879310344828,0.8760775862068966
0.11194833153928956,0.6383207750269106,0.9052744886975242
0.1053763440860215,0.6258064516129033,0.8881720430107527
0.10311493018259936,0.6262083780880774,0.8668098818474759
0.10300429184549356,0.6437768240343348,0.878755364806867
0.12540192926045016,0.6077170418006431,0.8960342979635584
0.11241970021413276,0.6274089935760171,0.8907922912205567
0.12620320855614972,0.653475935828877,0.8877005347593583
0.08547008547008547,0.6100427350427351,0.8771367521367521
0.11205976520811099,0.6136606189967982,0.8858057630736392
0.11833688699360341,0.6396588486140725,0.8742004264392325
0.10969116080937168,0.6400425985090522,0.9041533546325878
0.11595744680851064,0.6074468085106383,0.8776595744680851
0.09776833156216791,0.6238044633368757,0.8926673751328374
0.09341825902335456,0.6019108280254777,0.8906581740976646
0.09968186638388123,0.6224814422057264,0.8907741251325557
0.1239406779661017,0.6419491525423728,0.9014830508474576
0.10899470899470899,0.6275132275132275,0.8888888888888888
0.1109936575052854,0.6522198731501057,0.8858350951374208
0.0908130939809926,0.6114044350580782,0.8553326293558606
0.11075949367088607,0.6118143459915611,0.8997890295358649
0.0916754478398314,0.6364594309799789,0.8703898840885143
0.10842105263157895,0.6242105263157894,0.8778947368421053
0.12828601472134596,0.6151419558359621,0.9011566771819137
0.12394957983193278,0.6039915966386554,0.9065126050420168
0.11542497376705142,0.6484784889821616,0.9139559286463799
0.1069182389937107,0.639412997903564,0.8805031446540881
0.10157068062827225,0.6073298429319371,0.8806282722513089
0.12133891213389121,0.6297071129707112,0.8943514644351465
0.10762800417972831,0.6374085684430512,0.9070010449320794
0.11377870563674322,0.6586638830897703,0.8643006263048016
0.1032325338894682,0.6225234619395204,0.886339937434828
0.10729166666666666,0.6708333333333333,0.8833333333333333
0.1186264308012487,0.6628511966701353,0.8928199791883454
0.11746361746361747,0.6340956340956341,0.8804573804573804
0.11734164070612668,0.6375908618899273,0.885773624091381
0.11721991701244813,0.6390041493775933,0.8921161825726142
0.09740932642487046,0.6196891191709845,0.8963730569948186
0.11076604554865424,0.6376811594202898,0.912008281573499
0.10651499482936919,0.6494312306101344,0.8831437435367114
0.0981404958677686,0.6394628099173554,0.8946280991735537
0.11042311661506708,0.6367389060887513,0.8751289989680082
0.12371134020618557,0.6597938144329897,0.8835051546391752
0.10401647785787847,0.6519052523171988,0.8836251287332647
0.11522633744855967,0.6265432098765432,0.9022633744855967
0.10996916752312436,0.6361767728674204,0.9013360739979445
0.12114989733059549,0.6283367556468172,0.8870636550308009
0.12512820512820513,0.6492307692307693,0.8943589743589744
0.13012295081967212,0.6331967213114754,0.882172131147541
0.11668372569089049,0.6530194472876152,0.9089048106448311
0.11554192229038855,0.6380368098159509,0.8824130879345603
0.10112359550561797,0.6261491317671093,0.8968335035750766
0.13877551020408163,0.636734693877551,0.8877551020408163
0.127420998980632,0.6289500509683996,0.8837920489296636
0.09572301425661914,0.6181262729124236,0.8778004073319755
0.11800610376398779,0.6317395727365208,0.8870803662258393
0.13109756097560976,0.6300813008130082,0.875
0.1065989847715736,0.6314720812182741,0.8751269035532995
0.11359026369168357,0.6257606490872211,0.8823529411764706
0.11955420466058764,0.6048632218844985,0.8986828774062816
0.12955465587044535,0.6275303643724697,0.8917004048582996
0.11526794742163801,0.6440849342770475,0.8806875631951466
0.09797979797979799,0.6242424242424243,0.8919191919191919
0.08980827447023208,0.6175580221997982,0.8859737638748738
0.09475806451612903,0.6441532258064516,0.8951612903225806
0.10473313192346426,0.62134944612286,0.8892245720040282
0.10764587525150905,0.6619718309859155,0.8702213279678068
0.11658291457286432,0.6361809045226131,0.8904522613065327
0.10040160642570281,0.6385542168674698,0.9036144578313253
0.10230692076228685,0.6268806419257773,0.8816449348044132
0.1342685370741483,0.6312625250501002,0.8987975951903807
0.1031031031031031,0.6386386386386387,0.8848848848848849
0.135,0.614,0.88
